POSTAGE;2;1;2;12643;France
3 WHITE CHOC MORRIS BOXED CANDLES;4;1.25;5;17097;Spain
FILIGREE HEART BUTTERFLY WHITE ;4;1.25;5;17097;Spain
SMALL PURPLE BABUSHKA NOTEBOOK ;1;0.21;0.21;17097;Spain
SMALL YELLOW BABUSHKA NOTEBOOK ;1;0.21;0.21;17097;Spain
SMALL RED BABUSHKA NOTEBOOK ;1;0.21;0.21;17097;Spain
CERAMIC HEART FAIRY CAKE MONEY BANK;1;0.39;0.39;17097;Spain
CERAMIC CHERRY CAKE MONEY BANK;1;0.39;0.39;17097;Spain
BOX OF 24 COCKTAIL PARASOLS;1;0.42;0.42;17097;Spain
PAPERWEIGHT VINTAGE COLLAGE;2;0.39;0.78;17097;Spain
PAPERWEIGHT HOME SWEET HOME;2;0.39;0.78;17097;Spain
HANGING METAL HEART LANTERN;1;0.79;0.79;17097;Spain
HANGING METAL STAR LANTERN;1;0.79;0.79;17097;Spain
TRAVEL CARD WALLET I LOVE LONDON;2;0.42;0.84;17097;Spain
ENGLISH ROSE NOTEBOOK A7 SIZE;2;0.42;0.84;17097;Spain
WHITE BAMBOO RIBS LAMPSHADE;1;0.85;0.85;17097;Spain
PACK OF 20 NAPKINS PANTRY DESIGN;1;0.85;0.85;17097;Spain
SET 20 NAPKINS FAIRY CAKES DESIGN ;1;0.85;0.85;17097;Spain
REX CASH+CARRY JUMBO SHOPPER;1;0.95;0.95;17097;Spain
REX CASH+CARRY JUMBO SHOPPER;1;0.95;0.95;17097;Spain
REX CASH+CARRY JUMBO SHOPPER;1;0.95;0.95;17097;Spain
BIRTHDAY PARTY CORDON BARRIER TAPE;1;1.25;1.25;17097;Spain
TEA TIME OVEN GLOVE;1;1.25;1.25;17097;Spain
DOLLY GIRL CHILDRENS CUP;1;1.25;1.25;17097;Spain
SPACEBOY CHILDRENS CUP;1;1.25;1.25;17097;Spain
SPACEBOY CHILDRENS BOWL;1;1.25;1.25;17097;Spain
DOLLY GIRL CHILDRENS BOWL;1;1.25;1.25;17097;Spain
SET 36 COLOUR PENCILS DOLLY GIRL;1;1.25;1.25;17097;Spain
SET 36 COLOUR PENCILS SPACEBOY ;1;1.25;1.25;17097;Spain
STARS GIFT TAPE ;2;0.65;1.3;17097;Spain
HEARTS GIFT TAPE;2;0.65;1.3;17097;Spain
STAR DECORATION PAINTED ZINC ;2;0.65;1.3;17097;Spain
HEART DECORATION PAINTED ZINC ;2;0.65;1.3;17097;Spain
CAKES AND BOWS GIFT  TAPE;2;0.65;1.3;17097;Spain
STARS GIFT TAPE ;2;0.65;1.3;17097;Spain
RED RETROSPOT TAPE;2;0.65;1.3;17097;Spain
FAIRY CAKES NOTEBOOK A6 SIZE;2;0.65;1.3;17097;Spain
CERAMIC STRAWBERRY CAKE MONEY BANK;1;1.45;1.45;17097;Spain
WICKER WREATH SMALL;1;1.45;1.45;17097;Spain
CERAMIC STRAWBERRY CAKE MONEY BANK;1;1.45;1.45;17097;Spain
CERAMIC CHERRY CAKE MONEY BANK;1;1.45;1.45;17097;Spain
CERAMIC HEART FAIRY CAKE MONEY BANK;1;1.45;1.45;17097;Spain
WOODEN HEART CHRISTMAS SCANDINAVIAN;5;0.29;1.45;17097;Spain
WOODEN STAR CHRISTMAS SCANDINAVIAN;5;0.29;1.45;17097;Spain
OVEN MITT APPLES DESIGN;1;1.45;1.45;17097;Spain
HEART OF WICKER SMALL;1;1.65;1.65;17097;Spain
5 HOOK HANGER RED MAGIC TOADSTOOL;1;1.65;1.65;17097;Spain
SMALL WHITE HEART OF WICKER;1;1.65;1.65;17097;Spain
HEART OF WICKER SMALL;1;1.65;1.65;17097;Spain
LUNCH BAG VINTAGE DOILY ;1;1.65;1.65;17097;Spain
LUNCH BAG DOLLY GIRL DESIGN;1;1.65;1.65;17097;Spain
LUNCH BAG PAISLEY PARK  ;1;1.65;1.65;17097;Spain
SET OF 20 VINTAGE CHRISTMAS NAPKINS;2;0.85;1.7;17097;Spain
FOLKART ZINC STAR CHRISTMAS DEC;2;0.85;1.7;17097;Spain
FOLKART ZINC HEART CHRISTMAS DEC;2;0.85;1.7;17097;Spain
SET 20 NAPKINS FAIRY CAKES DESIGN ;2;0.85;1.7;17097;Spain
CIRCUS PARADE LUNCH BOX ;1;1.95;1.95;17097;Spain
SPACEBOY LUNCH BOX ;1;1.95;1.95;17097;Spain
3 HOOK HANGER MAGIC GARDEN;1;1.95;1.95;17097;Spain
HEART MINI PORTRAIT FRAME;1;1.95;1.95;17097;Spain
SPACEBOY LUNCH BOX ;1;1.95;1.95;17097;Spain
CIRCUS PARADE LUNCH BOX ;1;1.95;1.95;17097;Spain
ROSES REGENCY TEACUP AND SAUCER ;4;2.95;11.8;17097;Spain
ROSES REGENCY TEACUP AND SAUCER ;4;2.95;11.8;17097;Spain
ROSES REGENCY TEACUP AND SAUCER ;4;2.95;11.8;17097;Spain
WHITE SOAP RACK WITH 2 BOTTLES;2;5.95;11.9;17097;Spain
WHITE ROCKING HORSE HAND PAINTED;10;1.25;12.5;17097;Spain
RED ROCKING HORSE HAND PAINTED;10;1.25;12.5;17097;Spain
STAR WREATH DECORATION WITH BELL;10;1.25;12.5;17097;Spain
HEART WREATH DECORATION WITH BELL;10;1.25;12.5;17097;Spain
VINTAGE CHRISTMAS TABLECLOTH;1;12.5;12.5;17097;Spain
CLASSIC METAL BIRDCAGE PLANT HOLDER;1;12.75;12.75;17097;Spain
CLASSIC METAL BIRDCAGE PLANT HOLDER;1;12.75;12.75;17097;Spain
GRAND CHOCOLATECANDLE;9;1.45;13.05;17097;Spain
GRAND CHOCOLATECANDLE;9;1.45;13.05;17097;Spain
VICTORIAN  METAL POSTCARD SPRING;8;1.69;13.52;17097;Spain
VICTORIAN  METAL POSTCARD SPRING;8;1.69;13.52;17097;Spain
ROSES REGENCY TEACUP AND SAUCER ;5;2.95;14.75;17097;Spain
HOMEMADE JAM SCENTED CANDLES;12;1.45;17.4;17097;Spain
PHOTO FRAME 3 CLASSIC HANGING;2;9.95;19.9;17097;Spain
JUMBO BAG TOYS ;1;2.08;2.08;17097;Spain
TREASURE TIN GYMKHANA DESIGN;1;2.08;2.08;17097;Spain
JUMBO STORAGE BAG SUKI;1;2.08;2.08;17097;Spain
JUMBO BAG PINK VINTAGE PAISLEY;1;2.08;2.08;17097;Spain
JUMBO BAG RED RETROSPOT;1;2.08;2.08;17097;Spain
JUMBO BAG OWLS;1;2.08;2.08;17097;Spain
JUMBO BAG SCANDINAVIAN BLUE PAISLEY;1;2.08;2.08;17097;Spain
VINTAGE DOILY JUMBO BAG RED ;1;2.08;2.08;17097;Spain
JUMBO BAG VINTAGE DOILY ;1;2.08;2.08;17097;Spain
TREASURE TIN GYMKHANA DESIGN;1;2.08;2.08;17097;Spain
FOUR HOOK  WHITE LOVEBIRDS;1;2.1;2.1;17097;Spain
GLITTER HANGING BUTTERFLY STRING;1;2.1;2.1;17097;Spain
SET/6 PURPLE BUTTERFLY T-LIGHTS;1;2.1;2.1;17097;Spain
RABBIT  DESIGN  COTTON TOTE BAG;1;2.25;2.25;17097;Spain
EMERGENCY FIRST AID TIN ;2;1.25;2.5;17097;Spain
DECORATIVE CATS BATHROOM BOTTLE;2;1.25;2.5;17097;Spain
SET OF 3 WOODEN TREE DECORATIONS;2;1.25;2.5;17097;Spain
SET OF 3 WOODEN STOCKING DECORATION;2;1.25;2.5;17097;Spain
SET OF 3 WOODEN SLEIGH DECORATIONS;2;1.25;2.5;17097;Spain
SET OF 3 WOODEN HEART DECORATIONS;2;1.25;2.5;17097;Spain
SPACEBOY CHILDRENS BOWL;2;1.25;2.5;17097;Spain
DOLLY GIRL CHILDRENS BOWL;2;1.25;2.5;17097;Spain
SPACEBOY CHILDRENS CUP;2;1.25;2.5;17097;Spain
DOLLY GIRL CHILDRENS CUP;2;1.25;2.5;17097;Spain
DANISH ROSE PHOTO FRAME;1;2.55;2.55;17097;Spain
GLITTER BUTTERFLY CLIPS;1;2.55;2.55;17097;Spain
CUPID DESIGN SCENTED CANDLES;1;2.55;2.55;17097;Spain
WOODEN HEART CHRISTMAS SCANDINAVIAN;3;0.85;2.55;17097;Spain
WOODEN TREE CHRISTMAS SCANDINAVIAN;3;0.85;2.55;17097;Spain
ROCKING HORSE RED CHRISTMAS ;3;0.85;2.55;17097;Spain
ROCKING HORSE GREEN CHRISTMAS ;3;0.85;2.55;17097;Spain
STAR WOODEN CHRISTMAS DECORATION;3;0.85;2.55;17097;Spain
DANISH ROSE PHOTO FRAME;1;2.55;2.55;17097;Spain
PEG BAG APPLES DESIGN;1;2.55;2.55;17097;Spain
HEARTS GIFT TAPE;4;0.65;2.6;17097;Spain
STORAGE TIN VINTAGE DOILY ;1;2.89;2.89;17097;Spain
BISCUIT TIN 50'S CHRISTMAS;1;2.89;2.89;17097;Spain
BISCUIT TIN VINTAGE CHRISTMAS;1;2.89;2.89;17097;Spain
BISCUIT TIN 50'S CHRISTMAS;1;2.89;2.89;17097;Spain
OVEN MITT APPLES DESIGN;2;1.45;2.9;17097;Spain
WHITE HANGING HEART T-LIGHT HOLDER;1;2.95;2.95;17097;Spain
S/4 VALENTINE DECOUPAGE HEART BOX;1;2.95;2.95;17097;Spain
WHITE HANGING HEART T-LIGHT HOLDER;1;2.95;2.95;17097;Spain
RED HANGING HEART T-LIGHT HOLDER;1;2.95;2.95;17097;Spain
CABIN BAG VINTAGE RETROSPOT;1;29.95;29.95;17097;Spain
REGENCY MILK JUG PINK ;1;3.25;3.25;17097;Spain
S/4 PINK FLOWER CANDLES IN BOWL;2;1.65;3.3;17097;Spain
REGENCY TEA PLATE PINK;2;1.65;3.3;17097;Spain
LUNCH BAG DOLLY GIRL DESIGN;2;1.65;3.3;17097;Spain
LUNCH BAG VINTAGE DOILY ;2;1.65;3.3;17097;Spain
LUNCH BAG WOODLAND;2;1.65;3.3;17097;Spain
REGENCY TEA PLATE PINK;2;1.65;3.3;17097;Spain
REGENCY TEA PLATE ROSES ;2;1.65;3.3;17097;Spain
REGENCY TEA PLATE GREEN ;2;1.65;3.3;17097;Spain
VICTORIAN  METAL POSTCARD SPRING;2;1.69;3.38;17097;Spain
LOVEBIRD HANGING DECORATION WHITE ;4;0.85;3.4;17097;Spain
SET/3 RED GINGHAM ROSE STORAGE BOX;1;3.75;3.75;17097;Spain
ALARM CLOCK BAKELIKE GREEN;1;3.75;3.75;17097;Spain
ALARM CLOCK BAKELIKE RED ;1;3.75;3.75;17097;Spain
ALARM CLOCK BAKELIKE GREEN;1;3.75;3.75;17097;Spain
MAGNETS PACK OF 4 CHILDHOOD MEMORY;3;1.25;3.75;17097;Spain
GAOLERS KEYS DECORATIVE GARDEN ;1;3.75;3.75;17097;Spain
FULL ENGLISH BREAKFAST PLATE;1;3.75;3.75;17097;Spain
ALARM CLOCK BAKELIKE GREEN;1;3.75;3.75;17097;Spain
DOLLY GIRL LUNCH BOX;2;1.95;3.9;17097;Spain
DOLLY GIRL LUNCH BOX;2;1.95;3.9;17097;Spain
VINTAGE DOILY TRAVEL SEWING KIT;2;1.95;3.9;17097;Spain
HEART MINI PORTRAIT FRAME;2;1.95;3.9;17097;Spain
SET OF 3 CAKE TINS SKETCHBOOK;2;1.95;3.9;17097;Spain
REGENCY TEAPOT ROSES ;4;9.95;39.8;17097;Spain
REGENCY SUGAR BOWL GREEN;1;4.15;4.15;17097;Spain
SET OF 4 KNICK KNACK TINS DOILY ;1;4.15;4.15;17097;Spain
CHILDRENS CUTLERY SPACEBOY ;1;4.15;4.15;17097;Spain
CHILDRENS CUTLERY POLKADOT PINK;1;4.15;4.15;17097;Spain
CHILDRENS CUTLERY CIRCUS PARADE;1;4.15;4.15;17097;Spain
CHILDRENS CUTLERY POLKADOT BLUE;1;4.15;4.15;17097;Spain
REGENCY SUGAR BOWL GREEN;1;4.15;4.15;17097;Spain
THREE MINI HANGING FRAMES;1;4.15;4.15;17097;Spain
CHILDRENS CUTLERY DOLLY GIRL ;1;4.15;4.15;17097;Spain
JUMBO BAG DOLLY GIRL DESIGN;2;2.08;4.16;17097;Spain
JUMBO BAG VINTAGE DOILY ;2;2.08;4.16;17097;Spain
JUMBO BAG VINTAGE CHRISTMAS ;2;2.08;4.16;17097;Spain
JUMBO BAG PAISLEY PARK;2;2.08;4.16;17097;Spain
JUMBO BAG 50'S CHRISTMAS ;2;2.08;4.16;17097;Spain
LOVE HEART NAPKIN BOX ;1;4.25;4.25;17097;Spain
SWALLOW WOODEN CHRISTMAS DECORATION;5;0.85;4.25;17097;Spain
WOODLAND DESIGN  COTTON TOTE BAG;2;2.25;4.5;17097;Spain
PARTY BUNTING;1;4.65;4.65;17097;Spain
BLUE COAT RACK PARIS FASHION;1;4.95;4.95;17097;Spain
RED COAT RACK PARIS FASHION;1;4.95;4.95;17097;Spain
YELLOW COAT RACK PARIS FASHION;1;4.95;4.95;17097;Spain
SET OF 3 CAKE TINS SKETCHBOOK;1;4.95;4.95;17097;Spain
SET 3 RETROSPOT TEA.COFFEE.SUGAR;1;4.95;4.95;17097;Spain
SET OF 3 REGENCY CAKE TINS;1;4.95;4.95;17097;Spain
SET 3 RETROSPOT TEA.COFFEE.SUGAR;1;4.95;4.95;17097;Spain
SET 3 RETROSPOT TEA.COFFEE.SUGAR;1;4.95;4.95;17097;Spain
SET/3 DECOUPAGE STACKING TINS;1;4.95;4.95;17097;Spain
VINTAGE KITCHEN PRINT FRUITS;2;2.55;5.1;17097;Spain
PEG BAG APPLES DESIGN;2;2.55;5.1;17097;Spain
ROCKING HORSE RED CHRISTMAS ;6;0.85;5.1;17097;Spain
ROCKING HORSE GREEN CHRISTMAS ;6;0.85;5.1;17097;Spain
SINGLE ANTIQUE ROSE HOOK IVORY;4;1.45;5.8;17097;Spain
SET OF 6 T-LIGHTS SANTA;2;2.95;5.9;17097;Spain
RED GINGHAM TEDDY BEAR ;2;2.95;5.9;17097;Spain
ROUND SNACK BOXES SET OF4 WOODLAND ;2;2.95;5.9;17097;Spain
SET OF 2 TEA TOWELS APPLE AND PEARS;2;2.95;5.9;17097;Spain
ROUND SNACK BOXES SET OF4 WOODLAND ;2;2.95;5.9;17097;Spain
WHITE HANGING HEART T-LIGHT HOLDER;2;2.95;5.9;17097;Spain
GREEN REGENCY TEACUP AND SAUCER;2;2.95;5.9;17097;Spain
PINK REGENCY TEACUP AND SAUCER;2;2.95;5.9;17097;Spain
ROUND SNACK BOXES SET OF4 WOODLAND ;2;2.95;5.9;17097;Spain
ROUND SNACK BOXES SET OF4 WOODLAND ;2;2.95;5.9;17097;Spain
WHITE SOAP RACK WITH 2 BOTTLES;1;5.95;5.95;17097;Spain
LAVENDER SCENTED FABRIC HEART;5;1.25;6.25;17097;Spain
REGENCY MILK JUG PINK ;2;3.25;6.5;17097;Spain
TRIPLE HOOK ANTIQUE IVORY ROSE;2;3.29;6.58;17097;Spain
REGENCY TEA PLATE GREEN ;4;1.65;6.6;17097;Spain
REGENCY TEA PLATE ROSES ;4;1.65;6.6;17097;Spain
VICTORIAN  METAL POSTCARD SPRING;4;1.69;6.76;17097;Spain
TEA TIME TEA SET IN GIFT BOX;1;6.95;6.95;17097;Spain
